replicate,n_divergences,max_rhat,c_index,n_events,mu_approach_SAVR_mean,mu_approach_SAVR_sd,mu_approach_SAVR_true,mu_approach_TAVR_mean,mu_approach_TAVR_sd,mu_approach_TAVR_true,mu_approach_ViV-TAVR_mean,mu_approach_ViV-TAVR_sd,mu_approach_ViV-TAVR_true,shape_k_mean,shape_k_sd,shape_k_true,tau_family_mean
0,13,1.00732045130102,0.5592105263157895,5,3.2499235994428,0.2872656554210246,2.70805020110221,3.081728028410993,0.35120284447362193,2.995732273553991,3.0209155712159537,0.38108691972941994,2.995732273553991,2.349350202595509,0.696841189116601,3.5,0.33679893766909347
1,22,1.0059397104464243,0.6666666666666666,6,3.1695809313892953,0.29307676151825846,2.70805020110221,3.0792215670048675,0.36944170666324627,2.995732273553991,3.034466790473055,0.3922489878061117,2.995732273553991,2.1620315422624627,0.6199163229777576,3.5,0.39085888162732696
2,21,1.0042506458185372,0.6621621621621622,7,3.045594633735764,0.2718226044955904,2.70805020110221,3.0878479845937927,0.38100405755304084,2.995732273553991,3.026120629596118,0.39516080906288853,2.995732273553991,2.2804506121254295,0.6705044432243136,3.5,0.4023914064826165
3,16,1.0058714777936801,0.6756756756756757,5,3.270418992342303,0.291954314929318,2.70805020110221,3.0970784725812006,0.375063142834859,2.995732273553991,3.0349416558592606,0.3742368747565189,2.995732273553991,2.4816105471988936,0.7449935362385822,3.5,0.38325013804263147
4,6,1.0072699541516057,0.603448275862069,7,2.962012897150993,0.23789891743235675,2.70805020110221,3.0576385691351047,0.3766810054879746,2.995732273553991,3.0232809925667645,0.3898653517815437,2.995732273553991,2.753648697043509,0.8478041889279166,3.5,0.29632517077433124
5,6,1.0031452137844412,0.5869565217391305,5,3.2333318943355795,0.28647322344681825,2.70805020110221,3.0778665137135786,0.3787449898354099,2.995732273553991,3.014017135890154,0.3904387031521479,2.995732273553991,2.4065140529002425,0.7155018550328105,3.5,0.3287970719440402
6,2,1.0023045900848924,0.515625,7,2.857989606149015,0.20000321628847237,2.70805020110221,3.0375897794140534,0.37587796397635576,2.995732273553991,3.005914118692148,0.388284599562553,2.995732273553991,3.5339296835550265,1.093301925813284,3.5,0.2958699897359066
7,4,1.0037860174293078,0.5759493670886076,6,3.073779909097521,0.2683854499492979,2.70805020110221,3.0692573126251905,0.3664962333423401,2.995732273553991,3.023643260305837,0.38758580575390866,2.995732273553991,2.6333081351886736,0.8242528254812621,3.5,0.3212119932344907
8,9,1.0045187950731853,0.6176470588235294,4,3.4007649329224137,0.3149402095170114,2.70805020110221,3.0877951213857036,0.3620422743936259,2.995732273553991,3.0135425464684347,0.40765584293356616,2.995732273553991,2.1772172954280187,0.6329051032768913,3.5,0.3328621332710192
9,46,1.0047244626955274,0.5222222222222223,4,3.508941092798335,0.3118602530887751,2.70805020110221,3.1054943475127756,0.3779360287521254,2.995732273553991,3.040902569314973,0.3802562863160771,2.995732273553991,1.8271500759324923,0.4485896798265255,3.5,0.34807415623175186
10,1,1.0078483318131037,0.5902777777777778,8,2.807385238009192,0.1932421773207252,2.70805020110221,3.037631506907828,0.3801086785805183,2.995732273553991,2.9912274721711998,0.39505366545935106,2.995732273553991,3.725230662477604,1.1644159631200557,3.5,0.3077945519298371
11,3,1.01383464701388,0.6243523316062176,13,2.7050762744943206,0.19822676547675058,2.70805020110221,3.0854664314319207,0.3732352934242063,2.995732273553991,3.033455865316742,0.39762179755751026,2.995732273553991,2.3520816605722903,0.5443666338592903,3.5,0.3637068666552352
12,0,1.0079058955180107,0.6578947368421053,4,3.0681746994105183,0.2879289433392226,2.70805020110221,3.039124633550156,0.38045681673491155,2.995732273553991,3.0229293311540713,0.3778847591330196,2.995732273553991,3.937944012298451,1.698306981088163,3.5,0.36644345205360573
13,5,1.0026618538497223,0.6382978723404256,6,3.167249398112002,0.26508573740316477,2.70805020110221,3.0693315525126623,0.34606969253992287,2.995732273553991,3.0238439704063724,0.36647393769747627,2.995732273553991,2.3137263316174246,0.6424408821420147,3.5,0.3743677140772643
14,1,1.0037272893042748,0.5495049504950495,9,2.736579326173888,0.17504770453959717,2.70805020110221,3.0682276280743253,0.38620093337226996,2.995732273553991,3.0005562272278725,0.4036091324339327,2.995732273553991,3.417455790249695,0.9829049519419638,3.5,0.30124931033002694
15,0,1.0078050953156972,0.6504854368932039,9,2.6217788700844116,0.1577161568271054,2.70805020110221,3.014593314935292,0.3946354676595706,2.995732273553991,3.003872779429204,0.3852854581910082,2.995732273553991,4.188572465553419,1.3076491186647217,3.5,0.3675288681709592
16,6,1.003202399311297,0.6359223300970874,8,2.8309949989054486,0.24270650644350808,2.70805020110221,3.0671326910715297,0.3802560169982617,2.995732273553991,3.0244648292485175,0.36972269050669676,2.995732273553991,2.7823139224328535,0.8859550840410156,3.5,0.30068692337111447
17,9,1.007174058669597,0.6363636363636364,9,2.932550870946457,0.231396821272059,2.70805020110221,3.077366336540318,0.35648180906129745,2.995732273553991,3.0161263095436204,0.3991280228092467,2.995732273553991,2.237954334764042,0.5958414405876741,3.5,0.33289503051213826
18,10,1.0070776939347288,0.626984126984127,5,3.1654759158917525,0.30271051046261216,2.70805020110221,3.070123354761887,0.3615606194338873,2.995732273553991,3.0227302649719525,0.3884572889312737,2.995732273553991,2.64627628986162,0.8976334538963285,3.5,0.37320901692113895
19,2,1.008348680112587,0.6024096385542169,7,2.905454764192304,0.23276865715505696,2.70805020110221,3.041013636213586,0.3647552712178081,2.995732273553991,3.028741275561923,0.38225217377104787,2.995732273553991,3.2722118810734635,1.0335582387746802,3.5,0.3437019051614328
20,7,1.0015630662213262,0.7450980392156863,5,3.0696301206041894,0.2763748581562271,2.70805020110221,3.070127322905985,0.4107708020874356,2.995732273553991,3.031344583500162,0.41109865601902557,2.995732273553991,3.2543744007895614,1.1840728314580853,3.5,0.37820982634209205
21,7,1.0051984404370202,0.609375,4,3.204751634004241,0.29190416716411655,2.70805020110221,3.0499873285151256,0.3674582845386719,2.995732273553991,3.0150638577292006,0.40386287730382053,2.995732273553991,3.1486522364836316,1.1790220784418879,3.5,0.33838556383892426
22,36,1.0016834877259437,0.7112068965517241,7,3.3318704454183883,0.29670740120084116,2.70805020110221,2.847939104488605,0.36291036167928825,2.995732273553991,3.03450224160887,0.35473814037730217,2.995732273553991,1.8627464542057843,0.4732098887759051,3.5,0.3458562133331813
23,10,1.0029406243229788,0.6011904761904762,6,3.136402813663852,0.29266802826636457,2.70805020110221,3.069166014978268,0.37172717228791285,2.995732273553991,3.030171168679715,0.40680578816589685,2.995732273553991,2.3357144270846892,0.7164649865361198,3.5,0.31130680678975986
24,6,1.002727450294227,0.6363636363636364,5,3.147944449941544,0.2812791268685798,2.70805020110221,3.080800066159314,0.35650341612508296,2.995732273553991,3.0170560361664283,0.3803858964255373,2.995732273553991,2.602721192468955,0.7788286769428149,3.5,0.3631562242240445
25,0,1.0041156354229268,0.5529411764705883,9,2.7394372578129946,0.1566853329092248,2.70805020110221,3.02853640944621,0.37798304156944834,2.995732273553991,2.999788465056177,0.3878477269459574,2.995732273553991,3.6428919287780657,1.0032122245525585,3.5,0.2927186058889879
26,6,1.0038905452609754,0.6683673469387755,7,2.9950036038018872,0.26703061692496466,2.70805020110221,3.0966654308211083,0.38647221839726903,2.995732273553991,3.0251823544922085,0.38200322729018826,2.995732273553991,2.5509173191463423,0.7775689770409808,3.5,0.3774150763672033
27,5,1.0012829006002832,0.6265060240963856,6,3.0945540911634213,0.2833449001409414,2.70805020110221,3.089175480230102,0.36039047947783187,2.995732273553991,3.004781482413162,0.39725932263818214,2.995732273553991,2.5468094336852025,0.7850040819095918,3.5,0.31673812326470974
28,1,1.0039994196070574,0.6166666666666667,6,3.0095893541202177,0.24379346755206743,2.70805020110221,3.055370609338348,0.3794182121348082,2.995732273553991,3.036355719127014,0.3972443188547142,2.995732273553991,3.083345991179718,0.9940064513700309,3.5,0.30533608025147774
29,0,1.0033297480518508,0.5619469026548672,10,2.679743609477236,0.14666592464506817,2.70805020110221,3.0692215922335104,0.37135899360161967,2.995732273553991,3.0107378177582866,0.39212162941747536,2.995732273553991,3.362181393184066,0.8373715809920959,3.5,0.3049178658798899
30,3,1.0010324128981622,0.5315315315315315,9,2.8120549430249246,0.21945883615079523,2.70805020110221,3.071598790127245,0.36415447492960157,2.995732273553991,3.022621239229215,0.4027565469034052,2.995732273553991,2.7612130527146403,0.7799024947447047,3.5,0.29235793930592313
31,0,1.0047119116416656,0.6578947368421053,9,2.7682765839135266,0.19983966101503553,2.70805020110221,3.0618718091314667,0.38210945095813814,2.995732273553991,3.0113764838165724,0.39098562295272565,2.995732273553991,3.032286032423291,0.8550178108777394,3.5,0.4275835401388386
32,3,1.0039319006915226,0.5902777777777778,7,2.8953956955707114,0.24200944750932055,2.70805020110221,3.051078493638448,0.3644546905959418,2.995732273553991,3.0160448897305248,0.42667528164263957,2.995732273553991,3.16073483327138,1.0257763502633426,3.5,0.29792012210704105
33,12,1.0084906894789367,0.6410256410256411,5,3.3059835629173815,0.28046239678714086,2.70805020110221,3.084196564338837,0.3741328483257584,2.995732273553991,3.023575342719145,0.39213740223292676,2.995732273553991,2.3673913434178653,0.6746113882690091,3.5,0.4230751096319981
34,2,1.002380094290792,0.6409090909090909,8,2.947516928758797,0.2449891283423355,2.70805020110221,3.0792654177392342,0.3876641581109898,2.995732273553991,3.0314104269845887,0.3835436521628849,2.995732273553991,2.5101699759248652,0.7058174675648273,3.5,0.30356934855887346
35,7,1.0037995812191587,0.753731343283582,5,3.1592308591031064,0.3049542375574522,2.70805020110221,3.0579980513986014,0.3781303077463391,2.995732273553991,3.016880429486636,0.38872550412436657,2.995732273553991,2.877817320092045,1.034934912498825,3.5,0.3163382122222553
36,13,1.0066533195110459,0.7093023255813954,8,3.007870908377426,0.26784351220636776,2.70805020110221,3.0658356737997616,0.3683350724813472,2.995732273553991,3.0360253375696753,0.3966715087848494,2.995732273553991,2.2929054347917917,0.6608086418640914,3.5,0.4412216745280159
37,0,1.0070438012845075,0.6031746031746031,6,2.9406119517464178,0.24259817401643785,2.70805020110221,3.032415930991145,0.3685957901073061,2.995732273553991,3.023973947958574,0.3958387062924246,2.995732273553991,3.519930004911442,1.2947840666012327,3.5,0.2994205000000318
38,14,1.0041363220289166,0.6438356164383562,5,3.2595767224350443,0.2994959510998253,2.70805020110221,3.092487544397098,0.3747382346508822,2.995732273553991,3.027009079359026,0.3941044119746724,2.995732273553991,2.454477726186136,0.7509425973944306,3.5,0.3729890133495202
39,3,1.0114264764893464,0.634020618556701,8,2.9064124791904686,0.23365618212292527,2.70805020110221,3.065442884890271,0.3662232431163519,2.995732273553991,3.0143201479964135,0.3900843471903962,2.995732273553991,2.825264202749919,0.8162070778040038,3.5,0.3069359451538207
40,4,1.0050042367162124,0.6358695652173914,7,2.9181397846614696,0.26698940909454577,2.70805020110221,3.0747111847539688,0.3768943296558299,2.995732273553991,3.0350793189894785,0.3862142291620941,2.995732273553991,2.8914569196181907,0.9564183533076777,3.5,0.3983908257099236
41,3,1.005477491992306,0.664,9,2.769003530770739,0.21400347758007857,2.70805020110221,3.058984634133592,0.3791548421606523,2.995732273553991,3.0356812956800057,0.37711944802733866,2.995732273553991,2.7716071067806887,0.7808667824460315,3.5,0.4368690604286538
42,25,1.0049988775037884,0.6016949152542372,7,3.149582867872987,0.2712178103941535,2.70805020110221,3.0987332977331414,0.38764573157767224,2.995732273553991,3.024617822068922,0.3675715023393296,2.995732273553991,2.1363886085445776,0.5759913671715359,3.5,0.33363765538369905
43,1,1.0043505142584426,0.6555555555555556,4,3.294440225781757,0.3000120804332759,2.70805020110221,3.06417093546377,0.35366377996857207,2.995732273553991,3.027263154579119,0.3858194579037949,2.995732273553991,2.6949003259656608,0.856452306080698,3.5,0.3410483326308196
44,34,1.003615434767786,0.75,8,3.2032124017174084,0.2617464200558644,2.70805020110221,2.883704758094702,0.350404312769387,2.995732273553991,3.056829199750476,0.399800731425674,2.995732273553991,1.9603833282763063,0.501482714873496,3.5,0.39496784985171124
45,15,1.0117916859214646,0.546875,6,3.215374370260124,0.2982372786499081,2.70805020110221,3.0900036839383955,0.3727845711665208,2.995732273553991,3.028571815904002,0.3822566924151439,2.995732273553991,2.168676288785146,0.619289051585003,3.5,0.32092491391255606
46,22,1.002710884590761,0.5297619047619048,5,3.3212915892545025,0.2930369669009883,2.70805020110221,3.107179119858329,0.37223014029847046,2.995732273553991,3.0340285453982783,0.4013851434783529,2.995732273553991,2.1326380248328713,0.609349571046344,3.5,0.3191456610430435
47,9,1.0040646589415818,0.75,3,3.4713655401525405,0.3125286857298325,2.70805020110221,3.0738980693880404,0.3758197476093508,2.995732273553991,3.0240458028036974,0.3820178489162298,2.995732273553991,2.545415795080782,0.8451258230452979,3.5,0.3486151374098665
48,11,1.0068793160051903,0.6180555555555556,5,3.2318690172012,0.3066996149729943,2.70805020110221,3.0846443836958515,0.381577469310653,2.995732273553991,3.019082246531164,0.3729700055796878,2.995732273553991,2.3953912787476814,0.7278064764525439,3.5,0.32010625777729823
49,17,1.0057554417783987,0.5301204819277109,6,3.1660803101878097,0.28247007718309414,2.70805020110221,3.087148430086995,0.37902707059083646,2.995732273553991,3.0116252869654407,0.3978828896819587,2.995732273553991,2.2367232927258183,0.6505554570276917,3.5,0.3167580959932261
